{
    "loss": 3.176368474960327,
    "accuracy": 0.7457627058029175
}